ZIP,ZIP_TYPE,ZCTA
27006,Zip Code Area,27006
27007,Zip Code Area,27007
27009,Zip Code Area,27009
27010,Post Office or large volume customer,27106
27011,Zip Code Area,27011
27012,Zip Code Area,27012
27013,Zip Code Area,27013
27014,Post Office or large volume customer,27014
27016,Zip Code Area,27016
27017,Zip Code Area,27017
27018,Zip Code Area,27018
27019,Zip Code Area,27019
27020,Zip Code Area,27020
27021,Zip Code Area,27021
27022,Zip Code Area,27022
27023,Zip Code Area,27023
27024,Zip Code Area,27024
27025,Zip Code Area,27025
27027,Zip Code Area,27027
27028,Zip Code Area,27028
27030,Zip Code Area,27030
27031,Post Office or large volume customer,27030
27040,Zip Code Area,27040
27041,Zip Code Area,27041
27042,Zip Code Area,27042
27043,Zip Code Area,27043
27045,Zip Code Area,27045
27046,Zip Code Area,27046
27047,Zip Code Area,27047
27048,Zip Code Area,27048
27049,Post Office or large volume customer,27030
27050,Zip Code Area,27050
27051,Zip Code Area,27051
27052,Zip Code Area,27052
27053,Zip Code Area,27053
27054,Zip Code Area,27054
27055,Zip Code Area,27055
27094,Post Office or large volume customer,27045
27098,Post Office or large volume customer,27045
27099,Post Office or large volume customer,27045
27101,Zip Code Area,27101
27102,Post Office or large volume customer,27105
27103,Zip Code Area,27103
27104,Zip Code Area,27104
27105,Zip Code Area,27105
27106,Zip Code Area,27106
27107,Zip Code Area,27107
27108,Post Office or large volume customer,27101
27109,Post Office or large volume customer,27109
27110,Zip Code Area,27110
27111,Post Office or large volume customer,27101
27113,Post Office or large volume customer,27101
27114,Post Office or large volume customer,27103
27115,Post Office or large volume customer,27105
27116,Post Office or large volume customer,27106
27117,Post Office or large volume customer,27107
27120,Post Office or large volume customer,27101
27127,Zip Code Area,27127
27130,Post Office or large volume customer,27103
27150,Post Office or large volume customer,27101
27152,Post Office or large volume customer,27101
27155,Post Office or large volume customer,27101
27157,Post Office or large volume customer,27103
27198,Post Office or large volume customer,27105
27199,Post Office or large volume customer,27105
27201,Post Office or large volume customer,27201
27202,Post Office or large volume customer,27244
27203,Zip Code Area,27203
27204,Post Office or large volume customer,27203
27205,Zip Code Area,27205
27207,Zip Code Area,27207
27208,Zip Code Area,27208
27209,Zip Code Area,27209
27212,Zip Code Area,27212
27213,Post Office or large volume customer,27344
27214,Zip Code Area,27214
27215,Zip Code Area,27215
27216,Post Office or large volume customer,27215
27217,Zip Code Area,27217
27228,Post Office or large volume customer,27312
27229,Zip Code Area,27229
27230,Post Office or large volume customer,27248
27231,Zip Code Area,27231
27233,Zip Code Area,27233
27235,Zip Code Area,27235
27237,Post Office or large volume customer,27330
27239,Zip Code Area,27239
27242,Zip Code Area,27242
27243,Zip Code Area,27243
27244,Zip Code Area,27244
27247,Post Office or large volume customer,27356
27248,Zip Code Area,27248
27249,Zip Code Area,27249
27252,Zip Code Area,27252
27253,Zip Code Area,27253
27256,Post Office or large volume customer,27252
27258,Zip Code Area,27258
27259,Post Office or large volume customer,27325
27260,Zip Code Area,27260
27261,Post Office or large volume customer,27260
27262,Zip Code Area,27262
27263,Zip Code Area,27263
27264,Post Office or large volume customer,27263
27265,Zip Code Area,27265
27268,Post Office or large volume customer,27260
27278,Zip Code Area,27278
27281,Zip Code Area,27281
27282,Zip Code Area,27282
27283,Zip Code Area,27283
27284,Zip Code Area,27284
27285,Post Office or large volume customer,27284
27288,Zip Code Area,27288
27289,Post Office or large volume customer,27288
27291,Zip Code Area,27291
27292,Zip Code Area,27292
27293,Post Office or large volume customer,27292
27294,Post Office or large volume customer,27292
27295,Zip Code Area,27295
27298,Zip Code Area,27298
27299,Zip Code Area,27299
27301,Zip Code Area,27301
27302,Zip Code Area,27302
27305,Zip Code Area,27305
27306,Zip Code Area,27306
27310,Zip Code Area,27310
27311,Zip Code Area,27311
27312,Zip Code Area,27312
27313,Zip Code Area,27313
27314,Zip Code Area,27314
27315,Zip Code Area,27315
27316,Zip Code Area,27316
27317,Zip Code Area,27317
27320,Zip Code Area,27320
27323,Post Office or large volume customer,27320
27325,Zip Code Area,27325
27326,Zip Code Area,27326
27330,Zip Code Area,27330
27331,Post Office or large volume customer,27330
27332,Zip Code Area,27332
27340,Post Office or large volume customer,27340
27341,Zip Code Area,27341
27342,Post Office or large volume customer,27249
27343,Zip Code Area,27343
27344,Zip Code Area,27344
27349,Zip Code Area,27349
27350,Zip Code Area,27350
27351,Post Office or large volume customer,27292
27355,Zip Code Area,27355
27356,Zip Code Area,27356
27357,Zip Code Area,27357
27358,Zip Code Area,27358
27359,Post Office or large volume customer,27253
27360,Zip Code Area,27360
27361,Post Office or large volume customer,27360
27370,Zip Code Area,27370
27371,Zip Code Area,27371
27373,Post Office or large volume customer,27107
27374,Post Office or large volume customer,27295
27375,Post Office or large volume customer,27320
27376,Zip Code Area,27376
27377,Zip Code Area,27377
27379,Zip Code Area,27379
27401,Zip Code Area,27401
27402,Post Office or large volume customer,27401
27403,Zip Code Area,27403
27404,Post Office or large volume customer,27408
27405,Zip Code Area,27405
27406,Zip Code Area,27406
27407,Zip Code Area,27407
27408,Zip Code Area,27408
27409,Zip Code Area,27409
27410,Zip Code Area,27410
27411,Zip Code Area,27401
27412,Zip Code Area,27403
27413,Zip Code Area,27403
27415,Post Office or large volume customer,27405
27416,Post Office or large volume customer,27406
27417,Post Office or large volume customer,27407
27419,Post Office or large volume customer,27409
27420,Post Office or large volume customer,27401
27425,Post Office or large volume customer,27409
27427,Post Office or large volume customer,27407
27429,Post Office or large volume customer,27401
27435,Post Office or large volume customer,27401
27438,Post Office or large volume customer,27408
27455,Zip Code Area,27455
27495,Post Office or large volume customer,27407
27497,Post Office or large volume customer,27409
27498,Post Office or large volume customer,27409
27499,Post Office or large volume customer,27407
27501,Zip Code Area,27501
27502,Zip Code Area,27502
27503,Zip Code Area,27503
27504,Zip Code Area,27504
27505,Zip Code Area,27505
27506,Post Office or large volume customer,27546
27507,Zip Code Area,27507
27508,Zip Code Area,27508
27509,Zip Code Area,27509
27510,Zip Code Area,27510
27511,Zip Code Area,27511
27512,Post Office or large volume customer,27511
27513,Zip Code Area,27513
27514,Zip Code Area,27514
27515,Post Office or large volume customer,27514
27516,Zip Code Area,27516
27517,Zip Code Area,27517
27518,Zip Code Area,27518
27519,Zip Code Area,27519
27520,Zip Code Area,27520
27521,Zip Code Area,27521
27522,Zip Code Area,27522
27523,Zip Code Area,27523
27524,Zip Code Area,27524
27525,Zip Code Area,27525
27526,Zip Code Area,27526
27527,Zip Code Area,27527
27528,Post Office or large volume customer,27520
27529,Zip Code Area,27529
27530,Zip Code Area,27530
27531,Zip Code Area,27531
27532,Post Office or large volume customer,27534
27533,Post Office or large volume customer,27530
27534,Zip Code Area,27534
27536,Zip Code Area,27536
27537,Zip Code Area,27537
27539,Zip Code Area,27539
27540,Zip Code Area,27540
27541,Zip Code Area,27541
27542,Zip Code Area,27542
27543,Post Office or large volume customer,27526
27544,Zip Code Area,27544
27545,Zip Code Area,27545
27546,Zip Code Area,27546
27549,Zip Code Area,27549
27551,Zip Code Area,27551
27552,Post Office or large volume customer,27546
27553,Zip Code Area,27553
27555,Post Office or large volume customer,27555
27556,Post Office or large volume customer,27556
27557,Zip Code Area,27557
27559,Zip Code Area,27559
27560,Zip Code Area,27560
27562,Zip Code Area,27562
27563,Zip Code Area,27563
27565,Zip Code Area,27565
27568,Post Office or large volume customer,27568
27569,Zip Code Area,27569
27570,Post Office or large volume customer,27563
27571,Zip Code Area,27571
27572,Zip Code Area,27572
27573,Zip Code Area,27573
27574,Zip Code Area,27574
27576,Zip Code Area,27576
27577,Zip Code Area,27577
27581,Zip Code Area,27581
27582,Post Office or large volume customer,27582
27583,Zip Code Area,27583
27584,Post Office or large volume customer,27537
27586,Post Office or large volume customer,27551
27587,Zip Code Area,27587
27588,Post Office or large volume customer,27587
27589,Zip Code Area,27589
27591,Zip Code Area,27591
27592,Zip Code Area,27592
27593,Post Office or large volume customer,27577
27594,Post Office or large volume customer,27563
27596,Zip Code Area,27596
27597,Zip Code Area,27597
27599,Zip Code Area,27514
27601,Zip Code Area,27601
27602,Post Office or large volume customer,27601
27603,Zip Code Area,27603
27604,Zip Code Area,27604
27605,Zip Code Area,27605
27606,Zip Code Area,27606
27607,Zip Code Area,27607
27608,Zip Code Area,27608
27609,Zip Code Area,27609
27610,Zip Code Area,27610
27611,Post Office or large volume customer,27601
27612,Zip Code Area,27612
27613,Zip Code Area,27613
27614,Zip Code Area,27614
27615,Zip Code Area,27615
27616,Zip Code Area,27616
27617,Zip Code Area,27617
27619,Post Office or large volume customer,27609
27620,Post Office or large volume customer,27610
27621,Post Office or large volume customer,27606
27622,Post Office or large volume customer,27609
27623,Post Office or large volume customer,27617
27624,Post Office or large volume customer,27615
27625,Post Office or large volume customer,27604
27626,Post Office or large volume customer,27601
27627,Post Office or large volume customer,27606
27628,Post Office or large volume customer,27608
27629,Post Office or large volume customer,27604
27634,Post Office or large volume customer,27601
27635,Post Office or large volume customer,27604
27636,Post Office or large volume customer,27607
27640,Post Office or large volume customer,27604
27650,Post Office or large volume customer,27607
27656,Post Office or large volume customer,27612
27658,Post Office or large volume customer,27616
27661,Post Office or large volume customer,27616
27668,Post Office or large volume customer,27609
27675,Post Office or large volume customer,27617
27676,Post Office or large volume customer,27617
27690,Post Office or large volume customer,27612
27695,Zip Code Area,27607
27697,Post Office or large volume customer,27610
27698,Post Office or large volume customer,27601
27699,Post Office or large volume customer,27601
27701,Zip Code Area,27701
27702,Post Office or large volume customer,27701
27703,Zip Code Area,27703
27704,Zip Code Area,27704
27705,Zip Code Area,27705
27706,Post Office or large volume customer,27701
27707,Zip Code Area,27707
27708,Zip Code Area,27705
27709,Zip Code Area,27709
27710,Zip Code Area,27705
27711,Post Office or large volume customer,27713
27712,Zip Code Area,27712
27713,Zip Code Area,27713
27715,Post Office or large volume customer,27705
27717,Post Office or large volume customer,27707
27722,Post Office or large volume customer,27712
27801,Zip Code Area,27801
27802,Post Office or large volume customer,27801
27803,Zip Code Area,27803
27804,Zip Code Area,27804
27805,Zip Code Area,27805
27806,Zip Code Area,27806
27807,Zip Code Area,27807
27808,Zip Code Area,27808
27809,Zip Code Area,27809
27810,Zip Code Area,27810
27811,Post Office or large volume customer,27834
27812,Zip Code Area,27812
27813,Post Office or large volume customer,27813
27814,Zip Code Area,27814
27815,Post Office or large volume customer,27801
27816,Zip Code Area,27816
27817,Zip Code Area,27817
27818,Zip Code Area,27818
27819,Post Office or large volume customer,27819
27820,Zip Code Area,27820
27821,Zip Code Area,27821
27822,Zip Code Area,27822
27823,Zip Code Area,27823
27824,Zip Code Area,27824
27825,Post Office or large volume customer,27825
27826,Zip Code Area,27826
27827,Post Office or large volume customer,27827
27828,Zip Code Area,27828
27829,Zip Code Area,27829
27830,Zip Code Area,27830
27831,Zip Code Area,27831
27832,Zip Code Area,27832
27833,Post Office or large volume customer,27834
27834,Zip Code Area,27834
27835,Post Office or large volume customer,27834
27836,Post Office or large volume customer,27858
27837,Zip Code Area,27837
27839,Zip Code Area,27839
27840,Zip Code Area,27840
27841,Post Office or large volume customer,27841
27842,Zip Code Area,27842
27843,Zip Code Area,27843
27844,Zip Code Area,27844
27845,Zip Code Area,27845
27846,Zip Code Area,27846
27847,Zip Code Area,27847
27849,Zip Code Area,27849
27850,Zip Code Area,27850
27851,Zip Code Area,27851
27852,Zip Code Area,27852
27853,Zip Code Area,27853
27855,Zip Code Area,27855
27856,Zip Code Area,27856
27857,Zip Code Area,27857
27858,Zip Code Area,27858
27860,Zip Code Area,27860
27861,Post Office or large volume customer,27861
27862,Zip Code Area,27862
27863,Zip Code Area,27863
27864,Zip Code Area,27864
27865,Zip Code Area,27865
27866,Zip Code Area,27866
27867,Post Office or large volume customer,27897
27868,Post Office or large volume customer,27856
27869,Zip Code Area,27869
27870,Zip Code Area,27870
27871,Zip Code Area,27871
27872,Zip Code Area,27872
27873,Post Office or large volume customer,27873
27874,Zip Code Area,27874
27875,Zip Code Area,27875
27876,Zip Code Area,27876
27877,Post Office or large volume customer,27862
27878,Post Office or large volume customer,27878
27879,Post Office or large volume customer,27879
27880,Zip Code Area,27880
27881,Post Office or large volume customer,27881
27882,Zip Code Area,27882
27883,Zip Code Area,27883
27884,Zip Code Area,27884
27885,Zip Code Area,27885
27886,Zip Code Area,27886
27887,Post Office or large volume customer,27839
27888,Zip Code Area,27888
27889,Zip Code Area,27889
27890,Zip Code Area,27890
27891,Zip Code Area,27891
27892,Zip Code Area,27892
27893,Zip Code Area,27893
27894,Post Office or large volume customer,27893
27895,Post Office or large volume customer,27893
27896,Zip Code Area,27896
27897,Zip Code Area,27897
27906,Post Office or large volume customer,27909
27907,Post Office or large volume customer,27909
27909,Zip Code Area,27909
27910,Zip Code Area,27910
27915,Zip Code Area,27915
27916,Zip Code Area,27916
27917,Zip Code Area,27917
27919,Zip Code Area,27919
27920,Zip Code Area,27920
27921,Zip Code Area,27921
27922,Zip Code Area,27922
27923,Zip Code Area,27923
27924,Zip Code Area,27924
27925,Zip Code Area,27925
27926,Zip Code Area,27926
27927,Zip Code Area,27927
27928,Zip Code Area,27928
27929,Zip Code Area,27929
27930,Post Office or large volume customer,27944
27932,Zip Code Area,27932
27935,Zip Code Area,27935
27936,Zip Code Area,27936
27937,Zip Code Area,27937
27938,Zip Code Area,27938
27939,Zip Code Area,27939
27941,Zip Code Area,27941
27942,Zip Code Area,27942
27943,Zip Code Area,27943
27944,Zip Code Area,27944
27946,Zip Code Area,27946
27947,Zip Code Area,27947
27948,Zip Code Area,27948
27949,Zip Code Area,27949
27950,Zip Code Area,27950
27953,Zip Code Area,27953
27954,Zip Code Area,27954
27956,Zip Code Area,27956
27957,Zip Code Area,27957
27958,Zip Code Area,27958
27959,Zip Code Area,27959
27960,Zip Code Area,27960
27962,Zip Code Area,27962
27964,Zip Code Area,27964
27965,Zip Code Area,27965
27966,Zip Code Area,27966
27967,Post Office or large volume customer,27967
27968,Post Office or large volume customer,27968
27969,Post Office or large volume customer,27935
27970,Zip Code Area,27970
27972,Zip Code Area,27972
27973,Zip Code Area,27973
27974,Zip Code Area,27974
27976,Zip Code Area,27976
27978,Zip Code Area,27978
27979,Zip Code Area,27979
27980,Zip Code Area,27980
27981,Zip Code Area,27981
27982,Zip Code Area,27982
27983,Zip Code Area,27983
27985,Post Office or large volume customer,27985
27986,Zip Code Area,27986
28001,Zip Code Area,28001
28002,Post Office or large volume customer,28001
28006,Zip Code Area,28006
28007,Post Office or large volume customer,28007
28009,Post Office or large volume customer,28009
28010,Post Office or large volume customer,28677
28012,Zip Code Area,28012
28016,Zip Code Area,28016
28017,Post Office or large volume customer,28017
28018,Zip Code Area,28018
28019,Post Office or large volume customer,28019
28020,Zip Code Area,28020
28021,Zip Code Area,28021
28023,Zip Code Area,28023
28024,Post Office or large volume customer,28076
28025,Zip Code Area,28025
28026,Post Office or large volume customer,28025
28027,Zip Code Area,28027
28031,Zip Code Area,28031
28032,Zip Code Area,28032
28033,Zip Code Area,28033
28034,Zip Code Area,28034
28035,Post Office or large volume customer,28036
28036,Zip Code Area,28036
28037,Zip Code Area,28037
28038,Post Office or large volume customer,28073
28039,Post Office or large volume customer,28039
28040,Zip Code Area,28040
28041,Post Office or large volume customer,28146
28042,Post Office or large volume customer,28090
28043,Zip Code Area,28043
28052,Zip Code Area,28052
28053,Post Office or large volume customer,28052
28054,Zip Code Area,28054
28055,Post Office or large volume customer,28054
28056,Zip Code Area,28056
28070,Post Office or large volume customer,28078
28071,Zip Code Area,28071
28072,Post Office or large volume customer,28072
28073,Zip Code Area,28073
28074,Post Office or large volume customer,28139
28075,Zip Code Area,28075
28076,Post Office or large volume customer,28076
28077,Post Office or large volume customer,28077
28078,Zip Code Area,28078
28079,Zip Code Area,28079
28080,Zip Code Area,28080
28081,Zip Code Area,28081
28082,Post Office or large volume customer,28083
28083,Zip Code Area,28083
28086,Zip Code Area,28086
28088,Zip Code Area,28088
28089,Post Office or large volume customer,28089
28090,Zip Code Area,28090
28091,Zip Code Area,28091
28092,Zip Code Area,28092
28093,Post Office or large volume customer,28092
28097,Zip Code Area,28097
28098,Zip Code Area,28098
28101,Zip Code Area,28101
28102,Post Office or large volume customer,28102
28103,Zip Code Area,28103
28104,Zip Code Area,28104
28105,Zip Code Area,28105
28106,Post Office or large volume customer,28105
28107,Zip Code Area,28107
28108,Post Office or large volume customer,28108
28109,Post Office or large volume customer,28109
28110,Zip Code Area,28110
28111,Post Office or large volume customer,28112
28112,Zip Code Area,28112
28114,Zip Code Area,28114
28115,Zip Code Area,28115
28117,Zip Code Area,28117
28119,Zip Code Area,28119
28120,Zip Code Area,28120
28123,Post Office or large volume customer,28115
28124,Zip Code Area,28124
28125,Zip Code Area,28125
28126,Post Office or large volume customer,28213
28127,Zip Code Area,28127
28128,Zip Code Area,28128
28129,Zip Code Area,28129
28130,Post Office or large volume customer,28214
28133,Zip Code Area,28133
28134,Zip Code Area,28134
28135,Zip Code Area,28135
28136,Post Office or large volume customer,28150
28137,Zip Code Area,28137
28138,Zip Code Area,28138
28139,Zip Code Area,28139
28144,Zip Code Area,28144
28145,Post Office or large volume customer,28144
28146,Zip Code Area,28146
28147,Zip Code Area,28147
28150,Zip Code Area,28150
28151,Post Office or large volume customer,28150
28152,Zip Code Area,28152
28159,Zip Code Area,28159
28160,Zip Code Area,28160
28163,Zip Code Area,28163
28164,Zip Code Area,28164
28166,Zip Code Area,28166
28167,Zip Code Area,28167
28168,Zip Code Area,28168
28169,Post Office or large volume customer,28169
28170,Zip Code Area,28170
28173,Zip Code Area,28173
28174,Zip Code Area,28174
28201,Post Office or large volume customer,28280
28202,Zip Code Area,28202
28203,Zip Code Area,28203
28204,Zip Code Area,28204
28205,Zip Code Area,28205
28206,Zip Code Area,28206
28207,Zip Code Area,28207
28208,Zip Code Area,28208
28209,Zip Code Area,28209
28210,Zip Code Area,28210
28211,Zip Code Area,28211
28212,Zip Code Area,28212
28213,Zip Code Area,28213
28214,Zip Code Area,28214
28215,Zip Code Area,28215
28216,Zip Code Area,28216
28217,Zip Code Area,28217
28218,Post Office or large volume customer,28205
28219,Post Office or large volume customer,28208
28220,Post Office or large volume customer,28209
28221,Post Office or large volume customer,28269
28222,Post Office or large volume customer,28211
28223,Post Office or large volume customer,28213
28224,Post Office or large volume customer,28217
28226,Zip Code Area,28226
28227,Zip Code Area,28227
28228,Post Office or large volume customer,28208
28229,Post Office or large volume customer,28212
28230,Post Office or large volume customer,28204
28231,Post Office or large volume customer,28204
28232,Post Office or large volume customer,28204
28233,Post Office or large volume customer,28204
28234,Post Office or large volume customer,28204
28235,Post Office or large volume customer,28204
28236,Post Office or large volume customer,28204
28237,Post Office or large volume customer,28204
28241,Post Office or large volume customer,28278
28242,Post Office or large volume customer,28202
28243,Post Office or large volume customer,28208
28244,Post Office or large volume customer,28244
28246,Post Office or large volume customer,28202
28247,Post Office or large volume customer,28226
28253,Post Office or large volume customer,28269
28254,Post Office or large volume customer,28208
28255,Post Office or large volume customer,28204
28256,Post Office or large volume customer,28213
28258,Post Office or large volume customer,28208
28260,Post Office or large volume customer,28208
28262,Zip Code Area,28262
28263,Post Office or large volume customer,28202
28265,Post Office or large volume customer,28208
28266,Post Office or large volume customer,28208
28269,Zip Code Area,28269
28270,Zip Code Area,28270
28271,Post Office or large volume customer,28277
28272,Post Office or large volume customer,28208
28273,Zip Code Area,28273
28274,Post Office or large volume customer,28207
28275,Post Office or large volume customer,28208
28277,Zip Code Area,28277
28278,Zip Code Area,28278
28280,Post Office or large volume customer,28280
28281,Post Office or large volume customer,28202
28282,Post Office or large volume customer,28282
28284,Post Office or large volume customer,28202
28285,Post Office or large volume customer,28202
28287,Post Office or large volume customer,28210
28288,Post Office or large volume customer,28202
28289,Post Office or large volume customer,28208
28290,Post Office or large volume customer,28208
28296,Post Office or large volume customer,28208
28297,Post Office or large volume customer,28216
28299,Post Office or large volume customer,28205
28301,Zip Code Area,28301
28302,Post Office or large volume customer,28301
28303,Zip Code Area,28303
28304,Zip Code Area,28304
28305,Zip Code Area,28305
28306,Zip Code Area,28306
28307,Zip Code Area,28307
28308,Zip Code Area,28308
28309,Post Office or large volume customer,28314
28310,Zip Code Area,28310
28311,Zip Code Area,28311
28312,Zip Code Area,28312
28314,Zip Code Area,28314
28315,Zip Code Area,28315
28318,Zip Code Area,28318
28319,Post Office or large volume customer,28369
28320,Zip Code Area,28320
28323,Zip Code Area,28323
28325,Post Office or large volume customer,28325
28326,Zip Code Area,28326
28327,Zip Code Area,28327
28328,Zip Code Area,28328
28329,Post Office or large volume customer,28328
28330,Post Office or large volume customer,28330
28331,Post Office or large volume customer,28306
28332,Post Office or large volume customer,28332
28333,Zip Code Area,28333
28334,Zip Code Area,28334
28335,Post Office or large volume customer,28334
28337,Zip Code Area,28337
28338,Zip Code Area,28338
28339,Zip Code Area,28339
28340,Zip Code Area,28340
28341,Zip Code Area,28341
28342,Post Office or large volume customer,28342
28343,Zip Code Area,28343
28344,Zip Code Area,28344
28345,Zip Code Area,28345
28347,Zip Code Area,28347
28348,Zip Code Area,28348
28349,Zip Code Area,28349
28350,Post Office or large volume customer,28350
28351,Zip Code Area,28351
28352,Zip Code Area,28352
28353,Post Office or large volume customer,28352
28355,Post Office or large volume customer,27332
28356,Zip Code Area,28356
28357,Zip Code Area,28357
28358,Zip Code Area,28358
28359,Post Office or large volume customer,28358
28360,Zip Code Area,28360
28362,Post Office or large volume customer,28340
28363,Zip Code Area,28363
28364,Zip Code Area,28364
28365,Zip Code Area,28365
28366,Zip Code Area,28366
28367,Post Office or large volume customer,28367
28368,Post Office or large volume customer,27332
28369,Zip Code Area,28369
28370,Post Office or large volume customer,28374
28371,Zip Code Area,28371
28372,Zip Code Area,28372
28373,Zip Code Area,28373
28374,Zip Code Area,28374
28375,Post Office or large volume customer,28375
28376,Zip Code Area,28376
28377,Zip Code Area,28377
28378,Post Office or large volume customer,28357
28379,Zip Code Area,28379
28380,Post Office or large volume customer,28379
28382,Zip Code Area,28382
28383,Zip Code Area,28383
28384,Zip Code Area,28384
28385,Zip Code Area,28385
28386,Zip Code Area,28386
28387,Zip Code Area,28387
28388,Post Office or large volume customer,28387
28390,Zip Code Area,28390
28391,Zip Code Area,28391
28392,Zip Code Area,28392
28393,Zip Code Area,28393
28394,Zip Code Area,28394
28395,Zip Code Area,28395
28396,Zip Code Area,28396
28398,Zip Code Area,28398
28399,Zip Code Area,28399
28401,Zip Code Area,28401
28402,Post Office or large volume customer,28401
28403,Zip Code Area,28403
28404,Post Office or large volume customer,28411
28405,Zip Code Area,28405
28406,Post Office or large volume customer,28403
28407,Post Office or large volume customer,28405
28408,Post Office or large volume customer,28409
28409,Zip Code Area,28409
28410,Post Office or large volume customer,28412
28411,Zip Code Area,28411
28412,Zip Code Area,28412
28420,Zip Code Area,28420
28421,Zip Code Area,28421
28422,Zip Code Area,28422
28423,Zip Code Area,28423
28424,Post Office or large volume customer,28424
28425,Zip Code Area,28425
28428,Zip Code Area,28428
28429,Zip Code Area,28429
28430,Zip Code Area,28430
28431,Zip Code Area,28431
28432,Zip Code Area,28432
28433,Zip Code Area,28433
28434,Zip Code Area,28434
28435,Zip Code Area,28435
28436,Zip Code Area,28436
28438,Zip Code Area,28438
28439,Zip Code Area,28439
28441,Zip Code Area,28441
28442,Zip Code Area,28442
28443,Zip Code Area,28443
28444,Zip Code Area,28444
28445,Zip Code Area,28445
28447,Zip Code Area,28447
28448,Zip Code Area,28448
28449,Zip Code Area,28449
28450,Zip Code Area,28450
28451,Zip Code Area,28451
28452,Zip Code Area,28452
28453,Zip Code Area,28453
28454,Zip Code Area,28454
28455,Zip Code Area,28455
28456,Zip Code Area,28456
28457,Zip Code Area,28457
28458,Zip Code Area,28458
28459,Post Office or large volume customer,28470
28460,Zip Code Area,28460
28461,Zip Code Area,28461
28462,Zip Code Area,28462
28463,Zip Code Area,28463
28464,Zip Code Area,28464
28465,Zip Code Area,28465
28466,Zip Code Area,28466
28467,Zip Code Area,28467
28468,Zip Code Area,28468
28469,Zip Code Area,28469
28470,Zip Code Area,28470
28472,Zip Code Area,28472
28478,Zip Code Area,28478
28479,Zip Code Area,28479
28480,Zip Code Area,28480
28501,Zip Code Area,28501
28502,Post Office or large volume customer,28501
28503,Post Office or large volume customer,28504
28504,Zip Code Area,28504
28508,Zip Code Area,28508
28509,Post Office or large volume customer,28515
28510,Zip Code Area,28510
28511,Zip Code Area,28511
28512,Zip Code Area,28512
28513,Zip Code Area,28513
28515,Zip Code Area,28515
28516,Zip Code Area,28516
28518,Zip Code Area,28518
28519,Post Office or large volume customer,28519
28520,Zip Code Area,28520
28521,Zip Code Area,28521
28522,Post Office or large volume customer,28585
28523,Zip Code Area,28523
28524,Zip Code Area,28524
28525,Zip Code Area,28525
28526,Zip Code Area,28526
28527,Zip Code Area,28527
28528,Zip Code Area,28528
28529,Zip Code Area,28529
28530,Zip Code Area,28530
28531,Zip Code Area,28531
28532,Zip Code Area,28532
28533,Post Office or large volume customer,28533
28537,Zip Code Area,28537
28538,Zip Code Area,28538
28539,Zip Code Area,28539
28540,Zip Code Area,28540
28541,Post Office or large volume customer,28540
28542,Zip Code Area,28547
28543,Zip Code Area,28543
28544,Zip Code Area,28544
28545,Post Office or large volume customer,28540
28546,Zip Code Area,28546
28547,Zip Code Area,28547
28551,Zip Code Area,28551
28552,Zip Code Area,28552
28553,Zip Code Area,28553
28554,Post Office or large volume customer,28554
28555,Zip Code Area,28555
28556,Zip Code Area,28556
28557,Zip Code Area,28557
28560,Zip Code Area,28560
28561,Post Office or large volume customer,28562
28562,Zip Code Area,28562
28563,Post Office or large volume customer,28560
28564,Post Office or large volume customer,28560
28570,Zip Code Area,28570
28571,Zip Code Area,28571
28572,Zip Code Area,28572
28573,Zip Code Area,28573
28574,Zip Code Area,28574
28575,Post Office or large volume customer,28575
28577,Zip Code Area,28577
28578,Zip Code Area,28578
28579,Zip Code Area,28579
28580,Zip Code Area,28580
28581,Zip Code Area,28581
28582,Zip Code Area,28582
28583,Post Office or large volume customer,28583
28584,Zip Code Area,28584
28585,Zip Code Area,28585
28586,Zip Code Area,28586
28587,Zip Code Area,28587
28589,Post Office or large volume customer,28589
28590,Zip Code Area,28590
28594,Zip Code Area,28594
28601,Zip Code Area,28601
28602,Zip Code Area,28602
28603,Post Office or large volume customer,28602
28604,Zip Code Area,28604
28605,Zip Code Area,28605
28606,Zip Code Area,28606
28607,Zip Code Area,28607
28608,Zip Code Area,28607
28609,Zip Code Area,28609
28610,Zip Code Area,28610
28611,Zip Code Area,28611
28612,Zip Code Area,28612
28613,Zip Code Area,28613
28615,Zip Code Area,28615
28616,Post Office or large volume customer,28616
28617,Zip Code Area,28617
28618,Zip Code Area,28618
28619,Post Office or large volume customer,28619
28621,Zip Code Area,28621
28622,Zip Code Area,28622
28623,Zip Code Area,28623
28624,Zip Code Area,28624
28625,Zip Code Area,28625
28626,Zip Code Area,28626
28627,Zip Code Area,28627
28628,Post Office or large volume customer,28628
28629,Post Office or large volume customer,28629
28630,Zip Code Area,28630
28631,Zip Code Area,28631
28633,Post Office or large volume customer,28645
28634,Zip Code Area,28634
28635,Zip Code Area,28635
28636,Zip Code Area,28636
28637,Zip Code Area,28637
28638,Zip Code Area,28638
28640,Zip Code Area,28640
28641,Post Office or large volume customer,28657
28642,Zip Code Area,28642
28643,Zip Code Area,28643
28644,Zip Code Area,28644
28645,Zip Code Area,28645
28646,Zip Code Area,28646
28647,Post Office or large volume customer,28647
28649,Zip Code Area,28649
28650,Zip Code Area,28650
28651,Zip Code Area,28651
28652,Post Office or large volume customer,28652
28653,Post Office or large volume customer,28657
28654,Zip Code Area,28654
28655,Zip Code Area,28655
28656,Post Office or large volume customer,28659
28657,Zip Code Area,28657
28658,Zip Code Area,28658
28659,Zip Code Area,28659
28660,Zip Code Area,28660
28661,Post Office or large volume customer,28645
28662,Post Office or large volume customer,28662
28663,Zip Code Area,28663
28664,Post Office or large volume customer,28657
28665,Zip Code Area,28665
28666,Post Office or large volume customer,28666
28667,Post Office or large volume customer,28667
28668,Zip Code Area,28668
28669,Zip Code Area,28669
28670,Zip Code Area,28670
28671,Post Office or large volume customer,28671
28672,Zip Code Area,28672
28673,Zip Code Area,28673
28675,Zip Code Area,28675
28676,Zip Code Area,28676
28677,Zip Code Area,28677
28678,Zip Code Area,28678
28679,Zip Code Area,28679
28680,Post Office or large volume customer,28655
28681,Zip Code Area,28681
28682,Zip Code Area,28682
28683,Zip Code Area,28683
28684,Zip Code Area,28684
28685,Zip Code Area,28685
28687,Post Office or large volume customer,28677
28688,Post Office or large volume customer,28625
28689,Zip Code Area,28689
28690,Zip Code Area,28690
28691,Post Office or large volume customer,28679
28692,Zip Code Area,28692
28693,Zip Code Area,28693
28694,Zip Code Area,28694
28697,Zip Code Area,28697
28698,Zip Code Area,28698
28699,Post Office or large volume customer,28625
28701,Zip Code Area,28701
28702,Zip Code Area,28702
28704,Zip Code Area,28704
28705,Zip Code Area,28705
28707,Zip Code Area,28707
28708,Zip Code Area,28708
28709,Zip Code Area,28709
28710,Post Office or large volume customer,28792
28711,Zip Code Area,28711
28712,Zip Code Area,28712
28713,Zip Code Area,28713
28714,Zip Code Area,28714
28715,Zip Code Area,28715
28716,Zip Code Area,28716
28717,Zip Code Area,28717
28718,Zip Code Area,28718
28719,Zip Code Area,28719
28720,Post Office or large volume customer,28720
28721,Zip Code Area,28721
28722,Zip Code Area,28722
28723,Zip Code Area,28723
28724,Post Office or large volume customer,28792
28725,Post Office or large volume customer,28725
28726,Zip Code Area,28726
28727,Post Office or large volume customer,28792
28728,Post Office or large volume customer,28715
28729,Zip Code Area,28729
28730,Zip Code Area,28730
28731,Zip Code Area,28731
28732,Zip Code Area,28732
28733,Zip Code Area,28733
28734,Zip Code Area,28734
28735,Zip Code Area,28735
28736,Zip Code Area,28736
28737,Post Office or large volume customer,28752
28738,Post Office or large volume customer,28786
28739,Zip Code Area,28739
28740,Zip Code Area,28740
28741,Zip Code Area,28741
28742,Zip Code Area,28742
28743,Zip Code Area,28743
28744,Post Office or large volume customer,28734
28745,Zip Code Area,28745
28746,Zip Code Area,28746
28747,Zip Code Area,28747
28748,Zip Code Area,28748
28749,Post Office or large volume customer,28749
28750,Post Office or large volume customer,28782
28751,Zip Code Area,28751
28752,Zip Code Area,28752
28753,Zip Code Area,28753
28754,Zip Code Area,28754
28755,Post Office or large volume customer,28714
28756,Zip Code Area,28756
28757,Post Office or large volume customer,28757
28758,Post Office or large volume customer,28791
28759,Zip Code Area,28759
28760,Post Office or large volume customer,28792
28761,Zip Code Area,28761
28762,Zip Code Area,28762
28763,Zip Code Area,28763
28765,Post Office or large volume customer,28777
28766,Zip Code Area,28766
28768,Zip Code Area,28768
28770,Post Office or large volume customer,28711
28771,Zip Code Area,28771
28772,Zip Code Area,28772
28773,Zip Code Area,28773
28774,Zip Code Area,28774
28775,Zip Code Area,28775
28776,Post Office or large volume customer,28704
28777,Zip Code Area,28777
28778,Zip Code Area,28778
28779,Zip Code Area,28779
28781,Zip Code Area,28781
28782,Zip Code Area,28782
28783,Zip Code Area,28783
28784,Post Office or large volume customer,28790
28785,Zip Code Area,28785
28786,Zip Code Area,28786
28787,Zip Code Area,28787
28788,Post Office or large volume customer,28779
28789,Zip Code Area,28789
28790,Zip Code Area,28790
28791,Zip Code Area,28791
28792,Zip Code Area,28792
28793,Post Office or large volume customer,28739
28801,Zip Code Area,28801
28802,Post Office or large volume customer,28801
28803,Zip Code Area,28803
28804,Zip Code Area,28804
28805,Zip Code Area,28805
28806,Zip Code Area,28806
28810,Post Office or large volume customer,28806
28813,Post Office or large volume customer,28803
28814,Post Office or large volume customer,28804
28815,Post Office or large volume customer,28805
28816,Post Office or large volume customer,28806
28901,Zip Code Area,28901
28902,Zip Code Area,28902
28903,Post Office or large volume customer,28906
28904,Zip Code Area,28904
28905,Zip Code Area,28905
28906,Zip Code Area,28906
28909,Zip Code Area,28909
